Student_ID,Name,Branch,CGPA,LeetCode_Solved,CodeChef_Rating,Internship_Status
STU1001,Aahana Rastogi,ME,8.14,301,1716,Placed
STU1002,Falan Bhardwaj,IT,7.23,325,1469,Seeking
STU1003,Ekavir Saran,ME,7.83,250,1767,Placed
STU1004,Lohit Kunda,CSE,7.68,168,1768,Seeking
STU1005,Hemal Rout,CSE,5.51,187,1539,Seeking
STU1006,Amrita Pingle,ECE,9.52,456,1952,Placed
STU1007,Aachal Dewan,ME,7.83,266,1571,Placed
STU1008,Veer Solanki,CSE,6.06,206,1521,Seeking
STU1009,Faras More,AI/DS,9.11,209,1619,Placed
STU1010,Chanakya Pau,CSE,5.7,256,1541,Seeking
STU1011,Lekha Bhatti,ECE,6.82,211,1477,Seeking
STU1012,Yatin Jha,AI/DS,8.67,234,1580,Placed
STU1013,Bakhshi Ben,ME,9.17,339,1641,Placed
STU1014,Theodore Bansal,ME,6.06,260,1406,Seeking
STU1015,Azaan Chadha,ME,9.47,255,1757,Placed
STU1016,Chaman Keer,ME,9.01,180,1603,Seeking
STU1017,Sathvik Dar,ME,7.21,252,1367,Seeking
STU1018,Aishani Bahri,AI/DS,9.01,261,1468,Placed
STU1019,Sachi Halder,IT,8.2,311,1410,Placed
STU1020,Noah Sood,CSE,9.62,442,1634,Placed
STU1021,Januja Seth,ME,7.33,293,1557,Seeking
STU1022,Unnati Sarkar,ECE,8.96,224,1797,Placed
STU1023,Urishilla Doctor,CSE,9.29,232,1492,Placed
STU1024,Mahika Srivastava,ECE,7.54,361,1414,Placed
STU1025,Yug Ray,IT,7.66,291,1674,Placed
STU1026,Banjeet Narasimhan,IT,6.58,217,1605,Seeking
STU1027,Vamakshi Savant,ECE,7.85,306,1667,Placed
STU1028,Rohan Sama,AI/DS,6.81,265,1401,Seeking
STU1029,Dev Roy,AI/DS,7.54,346,1588,Placed
STU1030,Advay Karan,ECE,6.6,310,1653,Seeking
STU1031,Nidhi Madan,IT,9.59,469,1930,Placed
STU1032,Harinakshi Deep,ME,9.76,448,1810,Placed
STU1033,Isaiah Dave,AI/DS,6.43,315,1360,Seeking
STU1034,Faraj Purohit,ECE,8.48,296,1500,Placed
STU1035,Jackson Dhar,AI/DS,6.98,223,1349,Seeking
STU1036,Pratyush Sampath,ECE,5.6,190,1403,Seeking
STU1037,Darpan Khanna,CSE,8.99,188,1665,Placed
STU1038,Hiral Edwin,ECE,5.98,275,1340,Seeking
STU1039,Irya Bawa,IT,7.94,269,1722,Placed
STU1040,Veer Gaba,ME,7.03,175,1695,Seeking
STU1041,Anay Das,ECE,9.56,210,1898,Placed
STU1042,Viraj Ravi,AI/DS,9.14,411,1520,Placed
STU1043,Indrajit Korpal,ME,7.12,234,1498,Seeking
STU1044,Abhiram Ghosh,AI/DS,7.97,294,1478,Placed
STU1045,Zinal Kibe,CSE,7.24,217,1521,Seeking
STU1046,Frado Kala,IT,8.43,404,1716,Placed
STU1047,Faqid Goel,ME,7.57,242,1620,Placed
STU1048,Amrita Bansal,IT,8.87,248,1612,Placed
STU1049,Xiti Batta,ECE,6.74,289,1343,Seeking
STU1050,Oeshi Ramanathan,AI/DS,5.98,233,1316,Seeking
STU1051,Theodore Grover,CSE,6.81,204,1435,Seeking
STU1052,Madhav Shroff,AI/DS,8.61,309,1766,Placed
STU1053,Harita Koshy,CSE,7.51,360,1578,Placed
STU1054,Arunima Manda,ME,6.2,186,1365,Seeking
STU1055,Aryan Halder,AI/DS,9.77,459,1625,Placed
STU1056,Unnati Pillai,ECE,6.94,152,1416,Seeking
STU1057,Chandresh Pandey,ECE,9.29,343,1798,Placed
STU1058,Neelima Garde,IT,9.66,405,1888,Placed
STU1059,Divya Narula,IT,7.38,162,1575,Seeking
STU1060,Maanas Wagle,ECE,7.23,231,1585,Seeking
STU1061,Anay Prakash,ME,7.32,278,1497,Seeking
STU1062,Yachana Bir,IT,7.14,235,1678,Seeking
STU1063,Janani Warrior,CSE,7.59,182,1523,Placed
STU1064,Kamala Rege,IT,7.49,187,1651,Seeking
STU1065,Saksham Nayar,CSE,9.08,281,1844,Placed
STU1066,Yasti Bandi,IT,7.59,235,1592,Placed
STU1067,Devansh Som,ME,9.55,276,1802,Placed
STU1068,Rajata Kala,ECE,9.15,192,1732,Placed
STU1069,Nimrat Savant,IT,5.99,143,1341,Seeking
STU1070,Guneet Vala,ME,6.76,243,1608,Seeking
STU1071,Megha Bawa,AI/DS,8.25,239,1709,Placed
STU1072,Chaitanya Khanna,ECE,7.97,223,1581,Placed
STU1073,Anthony Dasgupta,IT,7.31,299,1416,Seeking
STU1074,Triveni Bhat,ECE,7.44,349,1654,Seeking
STU1075,Amaira Jain,ECE,6.62,132,1569,Seeking
STU1076,Nilima Sarin,AI/DS,9.04,433,1840,Placed
STU1077,Chanchal Narain,CSE,9.45,463,1538,Placed
STU1078,Shravya Bose,IT,9.48,265,1663,Placed
STU1079,Frado Dhawan,IT,7.77,341,1613,Placed
STU1080,Aarush Bala,ECE,6.9,282,1517,Seeking
STU1081,Jai Sodhi,ECE,8.79,175,1553,Seeking
STU1082,Chatura Mangat,ME,9.38,234,1769,Placed
STU1083,Ekani Rajagopal,CSE,9.86,236,1986,Placed
STU1084,Kritika Gole,IT,6.09,121,1444,Seeking
STU1085,Abeer Murthy,ECE,6.3,163,1447,Seeking
STU1086,Ekaja Sibal,ME,8.73,183,1558,Placed
STU1087,Yuvraj Chahal,ME,9.81,362,1676,Placed
STU1088,Nitara Golla,CSE,8.95,340,1751,Placed
STU1089,Inaya Chawla,ME,7.93,269,1658,Placed
STU1090,Chanchal Parekh,AI/DS,9.36,374,1617,Placed
STU1091,Isaiah Wason,ME,5.96,274,1333,Seeking
STU1092,Varenya Dar,CSE,8.22,320,1501,Placed
STU1093,Barkha Sankaran,IT,7.6,212,1653,Placed
STU1094,Gautami Narayanan,ME,9.27,426,1815,Placed
STU1095,Ekapad Salvi,ME,7.41,340,1503,Seeking
STU1096,Ethan Chander,ECE,8.36,175,1509,Seeking
STU1097,Bimala Halder,ECE,9.51,304,1874,Placed
STU1098,Ekiya Sen,ME,5.73,200,1343,Seeking
STU1099,Brijesh Majumdar,AI/DS,6.29,239,1377,Seeking
STU1100,Vasana Comar,ECE,5.56,166,1300,Seeking
STU1101,Nihal Bal,IT,5.77,196,1323,Seeking
STU1102,Madhav Saini,CSE,5.54,227,1409,Seeking
STU1103,Ishani Chanda,AI/DS,8.46,372,1431,Placed
STU1104,Gagan Prasad,ME,6.09,182,1462,Seeking
STU1105,Tripti Bajaj,CSE,7.56,309,1551,Placed
STU1106,Zayan Jain,ME,7.37,198,1714,Seeking
STU1107,Jacob Bala,AI/DS,5.59,111,1547,Seeking
STU1108,Guneet Aurora,IT,9.03,415,1650,Placed
STU1109,Anay Shah,IT,6.53,137,1450,Seeking
STU1110,Amol Panchal,AI/DS,6.8,244,1455,Seeking
STU1111,Advaith Karpe,CSE,7.63,328,1694,Placed
STU1112,Imaran Buch,ME,7.0,161,1406,Seeking
STU1113,Krishna Grover,AI/DS,8.42,185,1740,Placed
STU1114,Jason Kala,ECE,8.36,342,1668,Placed
STU1115,Advika Ganesh,CSE,6.62,178,1417,Seeking
STU1116,Devansh Talwar,AI/DS,6.4,153,1396,Seeking
STU1117,Anthony Rau,ECE,7.98,319,1702,Placed
STU1118,Kiaan Sura,IT,6.25,237,1475,Seeking
STU1119,Vihaan Shah,CSE,8.59,171,1558,Seeking
STU1120,Ridhi Kala,AI/DS,8.49,407,1475,Placed
STU1121,Madhav Saini,ECE,5.69,199,1409,Seeking
STU1122,Damyanti Luthra,CSE,5.54,204,1365,Seeking
STU1123,Vasudha Dube,CSE,8.08,315,1759,Placed
STU1124,Tanay Wason,AI/DS,5.75,120,1546,Seeking
STU1125,Robert Rattan,IT,6.7,247,1489,Seeking
STU1126,Mugdha Konda,ME,8.58,248,1849,Placed
STU1127,Vivaan Sha,CSE,8.82,229,1740,Placed
STU1128,Gayathri Buch,ECE,7.2,338,1669,Seeking
STU1129,Peter Srivastava,ECE,7.47,253,1463,Seeking
STU1130,Nicholas Mandal,ME,7.47,171,1463,Seeking
STU1131,Mitali Iyer,ME,6.62,271,1655,Seeking
STU1132,Anya Morar,ECE,6.61,284,1522,Seeking
STU1133,Vansha Chahal,ECE,5.73,240,1521,Seeking
STU1134,Ayushman Aurora,IT,9.1,273,1800,Placed
STU1135,Nikita Kulkarni,CSE,6.89,186,1420,Seeking
STU1136,Hemangini Chacko,ECE,8.09,242,1736,Placed
STU1137,Janani Ramanathan,CSE,5.64,208,1377,Seeking
STU1138,Samesh Mahal,CSE,6.26,162,1388,Seeking
STU1139,Rushil Sule,IT,8.31,407,1689,Placed
STU1140,Niharika Bail,ME,9.56,286,1869,Placed
STU1141,Indrajit Panchal,ECE,8.81,361,1563,Placed
STU1142,Jonathan Lata,IT,7.9,268,1568,Placed
STU1143,Oni Sundaram,ME,7.13,178,1549,Seeking
STU1144,Finn Nagar,ME,9.29,408,1650,Placed
STU1145,Omaja Tak,ME,7.39,266,1739,Seeking
STU1146,Mason Gera,AI/DS,6.93,318,1630,Seeking
STU1147,Ekalinga Jayaraman,AI/DS,6.06,157,1575,Seeking
STU1148,Janani Tak,AI/DS,8.74,270,1576,Placed
STU1149,Umang Gera,ECE,9.04,253,1542,Placed
STU1150,Sneha Prasad,AI/DS,6.77,169,1622,Seeking
STU1151,Jonathan Bhalla,AI/DS,6.31,290,1492,Seeking
STU1152,Hemang Bedi,IT,9.39,394,1929,Placed
STU1153,Tripti Sane,AI/DS,7.65,191,1719,Placed
STU1154,Madhav Agarwal,CSE,6.94,229,1520,Seeking
STU1155,Upkaar Garg,AI/DS,9.13,410,1757,Placed
STU1156,Meghana Maharaj,AI/DS,6.85,157,1452,Seeking
STU1157,Zehaan Nigam,ME,9.74,301,1798,Placed
STU1158,Chakrika Nadkarni,ECE,9.0,360,1549,Placed
STU1159,Vamakshi Barad,CSE,7.41,244,1689,Seeking
STU1160,Aadhya Bhakta,ME,6.68,280,1447,Seeking
STU1161,Watika Chada,CSE,8.7,174,1809,Seeking
STU1162,Zarna Kothari,CSE,7.21,216,1360,Seeking
STU1163,Mugdha Lad,ME,9.47,331,1568,Placed
STU1164,Krisha Thakkar,AI/DS,6.2,136,1527,Seeking
STU1165,Megha Gole,ME,8.35,242,1567,Placed
STU1166,Aashi Narang,ECE,6.15,301,1498,Seeking
STU1167,Chameli Mishra,CSE,6.18,123,1333,Seeking
STU1168,Akshay Salvi,ME,6.59,151,1632,Seeking
STU1169,Sai Sarraf,ECE,7.57,287,1582,Placed
STU1170,Raghav Salvi,AI/DS,8.77,175,1719,Seeking
STU1171,Qushi Boase,ECE,8.14,301,1765,Placed
STU1172,Kamya Hayer,IT,8.05,249,1507,Placed
STU1173,Sachi Shah,CSE,6.94,249,1680,Seeking
STU1174,Ikbal Iyengar,ME,9.39,338,1845,Placed
STU1175,Victor Iyengar,AI/DS,9.61,384,1807,Placed
STU1176,Ikbal Sastry,CSE,9.45,283,1888,Placed
STU1177,Deepa Sant,ECE,9.57,373,1937,Placed
STU1178,Omya Barad,AI/DS,9.4,300,1921,Placed
STU1179,Samarth Borra,IT,7.21,295,1562,Seeking
STU1180,Vasatika Balay,ME,8.72,409,1505,Placed
STU1181,Shravya Brahmbhatt,CSE,9.05,334,1543,Placed
STU1182,Nidhi Kumer,IT,5.61,218,1471,Seeking
STU1183,Ridhi Loke,IT,8.24,288,1766,Placed
STU1184,Warda Raman,ME,7.13,320,1399,Seeking
STU1185,Leela Batta,ME,7.39,147,1605,Seeking
STU1186,Falak Naidu,IT,9.9,455,1722,Placed
STU1187,Bhavani Subramanian,IT,6.09,292,1383,Seeking
STU1188,Aarini Sodhi,AI/DS,8.26,264,1718,Placed
STU1189,Nidhi Om,CSE,5.58,206,1340,Seeking
STU1190,Wazir Hayre,IT,8.31,240,1506,Placed
STU1191,Idika Lad,ME,7.57,227,1635,Placed
STU1192,Ridhi Batta,IT,6.8,292,1414,Seeking
STU1193,Anay Dewan,ME,8.13,227,1439,Placed
STU1194,Damini Comar,IT,8.2,164,1746,Seeking
STU1195,Krish Cheema,IT,6.22,161,1472,Seeking
STU1196,Noah Uppal,IT,8.92,374,1802,Placed
STU1197,Nakul Dutt,ME,5.93,177,1593,Seeking
STU1198,Turvi Singh,ME,6.1,201,1414,Seeking
STU1199,Praneel Mangal,ECE,8.89,240,1640,Placed
STU1200,Harsh Dhar,ME,7.64,328,1504,Placed
STU1201,George Handa,IT,7.88,204,1764,Placed
STU1202,Aahana Kapur,ECE,6.28,150,1408,Seeking
STU1203,Mohini Kohli,IT,7.41,163,1533,Seeking
STU1204,Warjas Ratti,IT,9.55,200,1573,Placed
STU1205,Adya Chaudhari,AI/DS,6.43,289,1353,Seeking
STU1206,Lajita Tripathi,AI/DS,6.11,177,1342,Seeking
STU1207,Krishna Buch,IT,7.48,157,1643,Seeking
STU1208,Meghana Bhargava,IT,9.6,220,1643,Placed
STU1209,Mohammed Choudhury,CSE,6.79,142,1393,Seeking
STU1210,Gaurav Kohli,ECE,9.79,469,1636,Placed
STU1211,Banjeet Cheema,CSE,8.25,272,1759,Placed
STU1212,Warhi Dasgupta,CSE,6.56,144,1406,Seeking
STU1213,Kavya Batta,ME,5.95,172,1470,Seeking
STU1214,Avni Chand,IT,9.77,390,1644,Placed
STU1215,Mohini Dara,ECE,8.18,351,1588,Placed
STU1216,Oeshi Shah,CSE,7.88,330,1654,Placed
STU1217,Dayita Seth,CSE,6.15,246,1522,Seeking
STU1218,Ayush Raval,ME,8.76,341,1446,Placed
STU1219,Sachi Parekh,IT,9.8,274,1891,Placed
STU1220,Liam Agarwal,ME,9.49,284,1930,Placed
STU1221,Krisha Varma,ME,6.09,237,1438,Seeking
STU1222,Abhiram Sachar,ME,7.16,286,1572,Seeking
STU1223,Anamika Barman,ECE,7.49,284,1576,Seeking
STU1224,Oni Kunda,CSE,6.08,127,1310,Seeking
STU1225,Forum Virk,ECE,9.65,424,1492,Placed
STU1226,Mason Sarin,ECE,9.5,209,1826,Placed
STU1227,Champak Mitter,ECE,9.4,263,1535,Placed
STU1228,Liam Nadig,IT,8.65,207,1674,Placed
STU1229,Pushti Srinivasan,AI/DS,8.18,179,1466,Seeking
STU1230,Onveer Magar,ME,8.25,272,1511,Placed
STU1231,Vamakshi Ghose,IT,7.72,193,1571,Placed
STU1232,Rishi Karnik,CSE,7.2,280,1525,Seeking
STU1233,Jairaj Sethi,ECE,5.56,177,1444,Seeking
STU1234,Reyansh Bahri,AI/DS,8.72,270,1688,Placed
STU1235,Nidra Nori,CSE,7.1,355,1390,Seeking
STU1236,Fiyaz Nigam,AI/DS,9.49,256,1892,Placed
STU1237,Bhavani Rama,ME,6.55,307,1582,Seeking
STU1238,Lila Lata,ME,5.58,234,1318,Seeking
STU1239,Advika Vyas,IT,6.1,256,1579,Seeking
STU1240,Ronith Shroff,CSE,9.4,376,1535,Placed
STU1241,Janani Kashyap,ME,9.75,477,1711,Placed
STU1242,Janaki Apte,ECE,8.81,387,1563,Placed
STU1243,Siya Sani,IT,6.13,294,1465,Seeking
STU1244,Maya Bhakta,IT,7.35,154,1595,Seeking
STU1245,Kalpit Guha,IT,8.91,222,1792,Placed
STU1246,Nihal Wable,AI/DS,7.43,252,1416,Seeking
STU1247,Ubika Walia,IT,5.8,249,1452,Seeking
STU1248,Christopher Jhaveri,CSE,7.87,243,1645,Placed
STU1249,Mason Goel,CSE,5.68,238,1533,Seeking
STU1250,Zilmil Bhagat,IT,8.11,356,1811,Placed
STU1251,Noah Pai,CSE,9.13,200,1502,Placed
STU1252,Aarush Kadakia,IT,7.89,220,1504,Placed
STU1253,Manbir Dubey,CSE,6.56,216,1551,Seeking
STU1254,Laban Krish,ECE,8.6,301,1808,Placed
STU1255,Widisha Buch,CSE,5.87,193,1569,Seeking
STU1256,Pratyush Sankar,ECE,8.68,425,1546,Placed
STU1257,Dalaja Pathak,ME,6.08,273,1334,Seeking
STU1258,Anika Vaidya,AI/DS,6.52,254,1326,Seeking
STU1259,Eesha Murthy,IT,6.45,199,1586,Seeking
STU1260,Robert Parekh,ECE,9.01,432,1468,Placed
STU1261,Harinakshi Muni,ECE,7.33,359,1674,Seeking
STU1262,Qarin Chandra,ECE,9.65,472,1781,Placed
STU1263,William Bath,ECE,7.9,300,1402,Placed
STU1264,Ikbal Balan,AI/DS,9.37,290,1908,Placed
STU1265,Rayaan Deol,ECE,9.51,218,1770,Placed
STU1266,Liam Upadhyay,IT,8.48,212,1585,Placed
STU1267,Yutika Bobal,AI/DS,5.59,150,1514,Seeking
STU1268,Vansha Sem,ME,5.58,167,1502,Seeking
STU1269,Yauvani Menon,CSE,6.89,282,1344,Seeking
STU1270,Yamini Bains,CSE,6.58,322,1625,Seeking
STU1271,Urishilla Kapoor,ECE,6.37,216,1522,Seeking
STU1272,Atharv Doshi,ECE,6.79,162,1543,Seeking
STU1273,Charan Loyal,IT,8.57,377,1539,Placed
STU1274,Aahana Malhotra,AI/DS,9.74,272,1574,Placed
STU1275,Dayamai Gala,ECE,8.79,342,1553,Placed
STU1276,Falguni Ratta,IT,6.75,310,1641,Seeking
STU1277,Devika Sethi,AI/DS,6.22,161,1460,Seeking
STU1278,Lipika Varghese,ME,9.5,342,1494,Placed
STU1279,Abhiram Bhatia,CSE,6.05,187,1574,Seeking
STU1280,Maanav Venkataraman,AI/DS,7.32,263,1688,Seeking
STU1281,Karan Bora,CSE,9.28,343,1760,Placed
STU1282,Balhaar Bera,ECE,6.66,319,1452,Seeking
STU1283,Upadhriti Mutti,ME,8.82,423,1458,Placed
STU1284,Farhan Kalla,CSE,6.92,332,1373,Seeking
STU1285,Rayaan Lalla,ECE,7.62,342,1556,Placed
STU1286,Lekha Ghosh,AI/DS,8.21,229,1673,Placed
STU1287,Daksha Zacharia,AI/DS,8.21,164,1681,Seeking
STU1288,Yatin Desai,IT,6.11,140,1604,Seeking
STU1289,Ojasvi Balasubramanian,ECE,9.38,187,1637,Placed
STU1290,Yashodhara Chawla,CSE,9.56,344,1592,Placed
STU1291,Jeet Sarkar,ME,6.35,317,1558,Seeking
STU1292,Imaran Salvi,ECE,9.43,330,1905,Placed
STU1293,Laksh Hora,IT,5.55,216,1277,Seeking
STU1294,Arunima Prashad,AI/DS,9.72,427,1690,Placed
STU1295,Lakshmi Kohli,AI/DS,6.93,187,1450,Seeking
STU1296,Michael Chand,CSE,9.31,232,1688,Placed
STU1297,Lakshmi Prabhu,ME,5.9,182,1454,Seeking
STU1298,Naksh Saini,ECE,6.26,212,1450,Seeking
STU1299,Leena Ben,AI/DS,8.77,385,1517,Placed
STU1300,Gunbir Kibe,CSE,7.2,237,1712,Seeking
STU1301,Upma Nagarajan,ME,7.99,271,1655,Placed
STU1302,Akshay Bir,ME,7.78,357,1754,Placed
STU1303,Eshana Sankaran,IT,7.98,359,1686,Placed
STU1304,Praneel Toor,ME,9.45,217,1614,Placed
STU1305,Nidra Varkey,ME,7.19,143,1445,Seeking
STU1306,Laksh Swaminathan,AI/DS,7.83,274,1508,Placed
STU1307,Laksh Krish,CSE,6.81,177,1606,Seeking
STU1308,Libni Dubey,ECE,8.43,303,1783,Placed
STU1309,Kamya Naik,CSE,6.25,193,1381,Seeking
STU1310,Wridesh Bhakta,IT,8.41,378,1571,Placed
STU1311,Eshana Chaudhari,ECE,6.31,170,1435,Seeking
STU1312,Parth Rajagopal,CSE,8.23,378,1452,Placed
STU1313,Rachana Vora,IT,6.08,261,1383,Seeking
STU1314,Ubika Dasgupta,CSE,7.62,220,1617,Placed
STU1315,Atharv Thaman,IT,8.77,315,1605,Placed
STU1316,Devansh Vaidya,ME,7.54,180,1716,Seeking
STU1317,Ucchal Jha,CSE,6.94,201,1694,Seeking
STU1318,Jatin Nanda,IT,7.18,359,1660,Seeking
STU1319,Jagdish Swaminathan,CSE,6.33,310,1607,Seeking
STU1320,Madhavi Ben,ME,8.21,229,1591,Placed
STU1321,Eta Butala,ME,6.52,299,1652,Seeking
STU1322,Dalbir Ramesh,ME,9.09,354,1754,Placed
STU1323,Max Bhatia,AI/DS,6.83,252,1662,Seeking
STU1324,Balveer Banik,ECE,9.18,220,1523,Placed
STU1325,Lohit Iyengar,CSE,6.85,280,1411,Seeking
STU1326,Lakshit Sant,AI/DS,8.77,394,1648,Placed
STU1327,Bhavika Randhawa,IT,6.59,309,1507,Seeking
STU1328,Aarnav Raju,ECE,9.8,343,1607,Placed
STU1329,Kashvi Taneja,AI/DS,5.52,187,1358,Seeking
STU1330,Odika Nath,ME,5.92,136,1378,Seeking
STU1331,Nathaniel Desai,IT,6.25,225,1437,Seeking
STU1332,Abdul Pau,AI/DS,8.12,202,1649,Placed
STU1333,Edhitha Dara,IT,7.46,261,1678,Seeking
STU1334,Praneel Saraf,CSE,8.57,368,1634,Placed
STU1335,Vinaya Prakash,CSE,7.56,219,1627,Placed
STU1336,Chameli Bhakta,CSE,6.66,286,1639,Seeking
STU1337,Benjamin Dhar,AI/DS,9.24,231,1554,Placed
STU1338,Karan Gaba,IT,5.73,131,1573,Seeking
STU1339,George Gill,IT,9.87,384,1503,Placed
STU1340,Jeevika Singhal,AI/DS,8.41,252,1698,Placed
STU1341,Rachit Vaidya,CSE,6.01,288,1474,Seeking
STU1342,Oni Din,CSE,8.26,239,1702,Placed
STU1343,Yahvi Baria,AI/DS,9.06,289,1842,Placed
STU1344,Nathan Patel,AI/DS,6.78,230,1650,Seeking
STU1345,Libni Borde,CSE,8.19,384,1737,Placed
STU1346,Lila Hora,IT,8.13,203,1406,Placed
STU1347,Ria Khosla,ME,6.63,159,1603,Seeking
STU1348,Suhani Khurana,CSE,7.28,283,1662,Seeking
STU1349,Charan Talwar,AI/DS,8.09,210,1558,Placed
STU1350,Benjamin Palan,AI/DS,7.04,225,1696,Seeking
STU1351,Yashasvi Uppal,AI/DS,9.47,359,1890,Placed
STU1352,Charita Lall,ECE,9.87,444,1690,Placed
STU1353,Aahana Varma,ECE,9.76,283,1712,Placed
STU1354,Aahana Agate,ME,8.18,179,1768,Seeking
STU1355,Nilima Mahajan,CSE,9.83,304,1815,Placed
STU1356,Noah Ganesh,ECE,9.87,483,1661,Placed
STU1357,Lopa Subramaniam,ME,5.74,143,1516,Seeking
STU1358,Upma Koshy,ME,8.33,383,1491,Placed
STU1359,Vansha Shankar,ECE,7.34,367,1631,Seeking
STU1360,Shravya Bhavsar,AI/DS,9.22,212,1875,Placed
STU1361,Zinal Ramakrishnan,IT,6.52,156,1502,Seeking
STU1362,Avi Kapadia,ME,6.43,135,1450,Seeking
STU1363,Raksha Acharya,AI/DS,9.42,235,1885,Placed
STU1364,Devika Master,CSE,6.27,307,1482,Seeking
STU1365,Udant Tripathi,CSE,7.4,281,1688,Seeking
STU1366,Thomas Dada,CSE,9.65,241,1617,Placed
STU1367,Hitesh Batra,CSE,7.99,191,1503,Placed
STU1368,Neel Master,CSE,6.47,187,1524,Seeking
STU1369,Odika Raju,ME,8.43,320,1514,Placed
STU1370,Ijaya Sane,AI/DS,9.71,407,1796,Placed
STU1371,Harshil Gopal,IT,6.0,228,1534,Seeking
STU1372,Ridhi Gulati,IT,6.45,212,1645,Seeking
STU1373,Sachi Thaman,ECE,9.67,386,1967,Placed
STU1374,Pahal Kala,CSE,8.98,332,1754,Placed
STU1375,Waida Sandhu,CSE,7.96,262,1549,Placed
STU1376,Ranbir Agate,IT,9.22,313,1617,Placed
STU1377,Mitali Balakrishnan,ECE,7.39,221,1598,Seeking
STU1378,Jagat Kota,ECE,9.45,283,1529,Placed
STU1379,Madhavi Yogi,CSE,7.35,308,1624,Seeking
STU1380,Robert Dixit,AI/DS,5.87,228,1328,Seeking
STU1381,Guneet Talwar,IT,7.65,221,1405,Placed
STU1382,Jonathan Chopra,IT,8.0,328,1768,Placed
STU1383,Kala Narasimhan,ECE,5.81,226,1511,Seeking
STU1384,Devansh Bir,CSE,9.38,365,1853,Placed
STU1385,Logan Chandran,ME,8.75,358,1621,Placed
STU1386,Libni Tripathi,IT,6.56,314,1426,Seeking
STU1387,Rajeshri Gokhale,AI/DS,9.26,194,1861,Placed
STU1388,Logan Grewal,ECE,6.58,322,1638,Seeking
STU1389,Devansh Salvi,AI/DS,6.36,311,1502,Seeking
STU1390,Turvi Loke,IT,8.81,211,1872,Placed
STU1391,Darpan Saran,AI/DS,8.89,204,1453,Placed
STU1392,Thomas Karpe,ME,9.58,249,1555,Placed
STU1393,Noah Chacko,IT,9.63,462,1789,Placed
STU1394,Ladli Sem,CSE,7.03,274,1428,Seeking
STU1395,Idika Bhat,CSE,5.72,211,1417,Seeking
STU1396,Bakhshi Lad,CSE,6.79,271,1570,Seeking
STU1397,Chanakya Chopra,IT,7.4,222,1740,Seeking
STU1398,Wridesh Tripathi,CSE,6.62,211,1456,Seeking
STU1399,Mohini Chander,ME,9.82,451,1540,Placed
STU1400,Zarna Palla,AI/DS,7.83,234,1696,Placed
STU1401,Girik Sarna,ME,6.14,233,1589,Seeking
STU1402,Advik Dash,AI/DS,8.33,258,1566,Placed
STU1403,Ekantika Suresh,CSE,6.71,221,1590,Seeking
STU1404,Girik Rau,CSE,8.9,391,1836,Placed
STU1405,Robert Raja,AI/DS,9.35,308,1701,Placed
STU1406,Tripti Manda,CSE,7.59,166,1569,Seeking
STU1407,Jagrati Kari,AI/DS,8.43,337,1472,Placed
STU1408,Manbir Deo,ME,8.34,208,1442,Placed
STU1409,Udarsh Raja,ECE,9.68,280,1696,Placed
STU1410,Yuvraj Agate,IT,9.38,262,1581,Placed
STU1411,Tara Nagar,AI/DS,8.75,428,1498,Placed
STU1412,Ayush Garg,IT,6.78,169,1549,Seeking
STU1413,Lopa Gaba,ME,8.75,358,1743,Placed
STU1414,Ethan Lad,ME,9.85,364,1541,Placed
STU1415,Karan Rajagopalan,ME,8.99,350,1620,Placed
STU1416,Irya Mane,ECE,5.67,283,1487,Seeking
STU1417,Geetika Sidhu,AI/DS,7.71,239,1447,Placed
STU1418,Wakeeta Kari,AI/DS,8.61,421,1447,Placed
STU1419,Raghav Srinivas,ECE,7.18,330,1682,Seeking
STU1420,Kashvi Bali,CSE,8.7,382,1461,Placed
STU1421,Laksh Ramachandran,CSE,7.52,240,1398,Placed
STU1422,Ikbal Batta,ME,8.99,179,1548,Seeking
STU1423,Zayan Agate,ME,8.55,239,1709,Placed
STU1424,Oviya Rajagopalan,ME,7.32,351,1695,Seeking
STU1425,Viraj Vohra,ECE,8.24,304,1774,Placed
STU1426,Keya Saraf,IT,7.37,221,1648,Seeking
STU1427,Varsha Hegde,ECE,7.74,154,1588,Seeking
STU1428,Edhitha Sidhu,CSE,8.18,409,1793,Placed
STU1429,Jairaj Mall,CSE,7.5,292,1720,Placed
STU1430,Ojasvi Lata,ME,9.68,348,1842,Placed
STU1431,Teerth Garde,ECE,7.93,214,1769,Placed
STU1432,Tarak Chanda,AI/DS,8.4,386,1478,Placed
STU1433,Sneha Dua,IT,8.02,401,1793,Placed
STU1434,Pratyush Mohan,IT,7.25,311,1413,Seeking
STU1435,Kalpit Hans,ECE,5.92,254,1509,Seeking
STU1436,Samesh Sha,AI/DS,7.76,232,1605,Placed
STU1437,Guneet Krishna,AI/DS,9.28,389,1816,Placed
STU1438,Vivaan Pall,AI/DS,9.67,232,1686,Placed
STU1439,Ladli Cheema,ME,6.49,188,1519,Seeking
STU1440,Yauvani Upadhyay,IT,8.39,352,1461,Placed
STU1441,Radha Dutt,IT,6.48,311,1382,Seeking
STU1442,Ekapad Khanna,ME,6.14,128,1528,Seeking
STU1443,Urvashi Ramakrishnan,ECE,7.98,383,1726,Placed
STU1444,Samuel Bhavsar,CSE,8.51,229,1833,Placed
STU1445,Nimrat Cherian,AI/DS,6.43,128,1424,Seeking
STU1446,Nidra Kashyap,AI/DS,5.85,228,1473,Seeking
STU1447,Eshana Raju,CSE,9.12,373,1492,Placed
STU1448,Aditya Desai,IT,8.37,234,1636,Placed
STU1449,Ikshita Nadkarni,ME,7.68,384,1529,Placed
STU1450,Imaran Lall,ECE,5.81,162,1563,Seeking
STU1451,Triveni Sharaf,ECE,9.0,387,1801,Placed
STU1452,Ekantika Chaudhry,ME,7.57,158,1439,Seeking
STU1453,Suhani Buch,CSE,6.99,321,1475,Seeking
STU1454,Ishani Iyengar,CSE,7.37,368,1737,Seeking
STU1455,Wakeeta Sharaf,IT,5.58,189,1496,Seeking
STU1456,Teerth Pandey,ME,5.55,205,1338,Seeking
STU1457,Wakeeta Bath,IT,9.78,352,1841,Placed
STU1458,Frado Sharma,ECE,7.35,352,1396,Seeking
STU1459,Zashil Dada,ECE,6.14,227,1343,Seeking
STU1460,Aarna Patil,CSE,7.28,283,1364,Seeking
STU1461,Krisha Raj,IT,8.74,384,1699,Placed
STU1462,Kala Sem,CSE,6.07,145,1449,Seeking
STU1463,Watika Agarwal,ME,9.72,311,1748,Placed
STU1464,Chanchal Kashyap,AI/DS,6.3,289,1453,Seeking
STU1465,Aadi Tailor,CSE,9.12,182,1802,Placed
STU1466,Aarush Merchant,AI/DS,5.57,155,1323,Seeking
STU1467,Chatura Balan,IT,7.76,287,1473,Placed
STU1468,Dayita Sastry,AI/DS,7.7,284,1577,Placed
STU1469,Adweta Prabhu,CSE,9.37,309,1787,Placed
STU1470,Saumya Nadig,AI/DS,6.34,317,1513,Seeking
STU1471,Suhani Shukla,CSE,7.01,203,1623,Seeking
STU1472,Fiyaz Bedi,ME,5.83,215,1483,Seeking
STU1473,Ronith Bhavsar,AI/DS,5.5,220,1544,Seeking
STU1474,Aadi Murty,ME,8.07,306,1790,Placed
STU1475,Champak Chahal,CSE,5.98,245,1346,Seeking
STU1476,Garima Balasubramanian,IT,8.57,342,1771,Placed
STU1477,Jeremiah Master,IT,5.66,130,1549,Seeking
STU1478,Indrajit Lata,AI/DS,7.74,201,1433,Placed
STU1479,Damini Bhakta,ECE,7.43,252,1572,Seeking
STU1480,Hemangini Barad,IT,6.86,157,1377,Seeking
STU1481,Ekavir Krishnamurthy,CSE,7.93,237,1404,Placed
STU1482,Omkaar Minhas,AI/DS,8.67,320,1719,Placed
STU1483,Kashvi Prakash,CSE,5.91,295,1366,Seeking
STU1484,Chandresh Mistry,AI/DS,9.61,336,1932,Placed
STU1485,Azaan Thakur,ME,9.31,214,1558,Placed
STU1486,Vihaan Magar,CSE,7.69,292,1569,Placed
STU1487,Vincent Prasad,CSE,6.34,126,1627,Seeking
STU1488,Gunbir Varty,AI/DS,6.17,240,1561,Seeking
STU1489,Kevin Mammen,ME,7.01,231,1378,Seeking
STU1490,Ekansh Viswanathan,IT,6.81,143,1640,Seeking
STU1491,Unni Thaker,AI/DS,7.81,351,1718,Placed
STU1492,Gaurangi Choudhury,IT,9.72,486,1592,Placed
STU1493,Bishakha Kar,ECE,8.29,182,1820,Placed
STU1494,Nachiket Vyas,CSE,7.06,169,1480,Seeking
STU1495,Hemani Bhagat,ECE,9.08,217,1789,Placed
STU1496,Lajita Bhatia,AI/DS,6.82,272,1654,Seeking
STU1497,Oni Choudhary,IT,7.72,316,1756,Placed
STU1498,Siddharth Rai,IT,7.58,219,1659,Placed
STU1499,Yuvraj Mand,CSE,9.44,405,1755,Placed
STU1500,Brinda Raval,IT,9.42,226,1480,Placed
STU1501,Mohammed Natarajan,CSE,9.1,400,1773,Placed
STU1502,Charles Saini,IT,9.1,391,1455,Placed
STU1503,Karan Mukherjee,AI/DS,8.18,188,1498,Placed
STU1504,Faqid Aurora,AI/DS,6.41,128,1480,Seeking
STU1505,Gayathri Vala,IT,6.35,139,1501,Seeking
STU1506,Samarth Sathe,ECE,6.98,216,1488,Seeking
STU1507,Siddharth Kapadia,ECE,8.94,187,1661,Placed
STU1508,Mugdha Dasgupta,ECE,8.17,163,1433,Seeking
STU1509,Sai Tiwari,ECE,5.6,201,1504,Seeking
STU1510,Ladli Ram,ECE,8.68,416,1789,Placed
STU1511,Thomas Sankar,ECE,7.93,190,1404,Placed
STU1512,Samarth Issac,IT,9.84,246,1797,Placed
STU1513,Eesha Jani,ME,5.82,256,1500,Seeking
STU1514,Vedant Tank,ME,6.21,229,1484,Seeking
STU1515,Vamakshi Sandhu,CSE,9.73,321,1535,Placed
STU1516,Harrison Pillai,IT,5.6,184,1308,Seeking
STU1517,Yashica Nadkarni,ME,5.82,151,1331,Seeking
STU1518,Amrita Kadakia,ECE,6.86,267,1445,Seeking
STU1519,Edhitha Misra,ECE,7.08,155,1410,Seeking
STU1520,Udyati Yogi,IT,9.32,298,1736,Placed
STU1521,Utkarsh Solanki,ME,9.77,420,1820,Placed
STU1522,Noah Bhatti,IT,8.02,336,1729,Placed
STU1523,Geetika Bedi,AI/DS,9.81,441,1608,Placed
STU1524,Nimrat Purohit,AI/DS,8.27,239,1421,Placed
STU1525,Champak Prakash,ME,6.35,184,1349,Seeking
STU1526,Aarush Dani,ME,9.72,262,1651,Placed
STU1527,Gaurangi Reddy,CSE,8.16,318,1481,Placed
STU1528,Arya Grewal,ECE,7.46,231,1469,Seeking
STU1529,Varenya Chopra,IT,8.84,176,1548,Seeking
STU1530,Neel Parikh,AI/DS,8.02,392,1785,Placed
STU1531,Gopal Muni,IT,6.14,147,1521,Seeking
STU1532,Baghyawati Dara,IT,5.68,113,1391,Seeking
STU1533,Yamini Wadhwa,CSE,7.45,178,1737,Seeking
STU1534,Yash Pandit,CSE,7.87,322,1566,Placed
STU1535,Vivaan Ratta,CSE,6.66,166,1492,Seeking
STU1536,Mohini Chawla,ME,6.42,288,1539,Seeking
STU1537,Gautami Ratti,ECE,5.61,213,1319,Seeking
STU1538,Yochana Chahal,CSE,7.71,323,1508,Placed
STU1539,Abhiram Dhaliwal,ECE,5.94,142,1320,Seeking
STU1540,Gauri Nayak,AI/DS,9.62,355,1490,Placed
STU1541,Jhalak Peri,IT,5.93,142,1397,Seeking
STU1542,Shravya Tailor,ME,8.5,331,1518,Placed
STU1543,Advik Srinivas,IT,7.51,337,1653,Placed
STU1544,Amaira Borde,ECE,6.5,208,1604,Seeking
STU1545,Aarna Memon,CSE,7.21,324,1692,Seeking
STU1546,Gaurav Nanda,AI/DS,8.05,330,1652,Placed
STU1547,Imaran Kala,AI/DS,6.15,209,1350,Seeking
STU1548,Xalak Nair,ECE,9.01,207,1540,Placed
STU1549,Aryan Mahajan,AI/DS,6.42,134,1507,Seeking
STU1550,Zilmil Dara,AI/DS,6.81,251,1367,Seeking
STU1551,Mohini Ramachandran,ECE,6.04,302,1410,Seeking
STU1552,Farhan Bahl,ECE,6.81,279,1374,Seeking
STU1553,Advik Nagy,ECE,6.88,268,1426,Seeking
STU1554,Yachana Tripathi,CSE,7.53,233,1745,Placed
STU1555,Vrishti Parikh,IT,9.53,428,1771,Placed
STU1556,Eshana Bhardwaj,ME,6.64,272,1557,Seeking
STU1557,Oeshi Mannan,ECE,6.73,316,1632,Seeking
STU1558,Rajata Wali,IT,7.07,275,1650,Seeking
STU1559,Ekansh Saxena,IT,5.84,221,1449,Seeking
STU1560,Yashoda Dutt,ECE,8.9,320,1783,Placed
STU1561,Umang Chahal,IT,7.26,304,1559,Seeking
STU1562,Hamsini Suri,IT,9.63,452,1654,Placed
STU1563,Girindra Goyal,ME,6.86,253,1418,Seeking
STU1564,Zehaan Kannan,ME,7.58,234,1409,Placed
STU1565,Shaurya Doshi,CSE,9.73,194,1953,Placed
STU1566,Nisha Kumar,AI/DS,8.61,396,1645,Placed
STU1567,Manan Dada,IT,8.06,201,1403,Placed
STU1568,Chakradhar Dara,CSE,6.08,188,1443,Seeking
STU1569,Ekiya Yadav,ME,7.37,316,1655,Seeking
STU1570,Oliver Dara,CSE,9.59,326,1786,Placed
STU1571,Sai Ranganathan,CSE,7.28,334,1429,Seeking
STU1572,Anjali Apte,ECE,9.14,329,1694,Placed
STU1573,Ekta Kala,IT,8.51,195,1485,Placed
STU1574,Krisha Rege,ECE,7.16,214,1673,Seeking
STU1575,Megha Deep,IT,9.8,284,1499,Placed
STU1576,Urvashi Peri,IT,8.51,297,1502,Placed
STU1577,Patrick Doshi,IT,9.77,273,1654,Placed
STU1578,Triya Bobal,ECE,6.62,152,1337,Seeking
STU1579,Gopal Kapadia,AI/DS,7.44,178,1483,Seeking
STU1580,Jai Doshi,IT,6.04,120,1543,Seeking
STU1581,Unnati Sharma,AI/DS,6.82,231,1641,Seeking
STU1582,Indira Jayaraman,IT,6.69,200,1568,Seeking
STU1583,Avi Sastry,IT,7.46,290,1619,Seeking
STU1584,Lopa Ray,CSE,5.75,161,1529,Seeking
STU1585,Yutika Murty,CSE,9.81,402,1716,Placed
STU1586,Panini Bora,CSE,6.84,273,1526,Seeking
STU1587,Balendra Kara,IT,7.09,191,1581,Seeking
STU1588,Hemang Ahluwalia,ECE,9.63,404,1481,Placed
STU1589,Jonathan Madan,CSE,9.39,422,1535,Placed
STU1590,Lila Rana,AI/DS,8.72,366,1540,Placed
STU1591,Sarthak Narasimhan,ECE,8.96,439,1474,Placed
STU1592,Rachana Roy,ECE,5.98,203,1436,Seeking
STU1593,Atharv Nanda,ECE,9.81,225,1568,Placed
STU1594,Pranav Venkataraman,ECE,9.38,253,1703,Placed
STU1595,Jeremiah Agate,IT,9.29,353,1566,Placed
STU1596,Vedant Bhatti,AI/DS,8.73,235,1453,Placed
STU1597,Chaaya Dewan,CSE,9.44,358,1830,Placed
STU1598,Vrinda Sha,ME,6.88,282,1516,Seeking
STU1599,Neel Magar,ECE,9.32,251,1596,Placed
STU1600,Zansi Sidhu,IT,5.63,225,1315,Seeking
STU1601,Pahal Suri,IT,9.65,366,1839,Placed
STU1602,Aarush Oza,IT,8.96,394,1510,Placed
STU1603,Aishani Mohan,ME,7.08,311,1566,Seeking
STU1604,Janaki Sampath,CSE,6.46,271,1413,Seeking
STU1605,Nitesh Varkey,ECE,7.73,340,1448,Placed
STU1606,Bhavya Ghosh,IT,9.45,368,1859,Placed
STU1607,Charan Sant,ECE,8.97,242,1780,Placed
STU1608,Naksh Andra,ME,9.16,366,1806,Placed
STU1609,Irya Majumdar,AI/DS,8.1,396,1639,Placed
STU1610,Vaishnavi Borra,CSE,7.32,241,1614,Seeking
STU1611,Abdul Bir,IT,7.82,391,1500,Placed
STU1612,Sarthak Arora,ME,8.28,405,1736,Placed
STU1613,Tanvi Singhal,ME,6.15,172,1578,Seeking
STU1614,Vidhi Rege,IT,5.97,119,1364,Seeking
STU1615,Hardik Bora,ME,9.18,403,1844,Placed
STU1616,Mahika Barad,ECE,8.79,290,1632,Placed
STU1617,Nathan Kadakia,IT,9.74,272,1876,Placed
STU1618,Zilmil Ravel,IT,8.6,344,1739,Placed
STU1619,Caleb Minhas,CSE,8.14,170,1496,Seeking
STU1620,Panini Jaggi,CSE,9.19,340,1891,Placed
STU1621,Brinda Swamy,ME,9.02,288,1604,Placed
STU1622,David Oza,AI/DS,5.69,153,1563,Seeking
STU1623,Mitali Khatri,CSE,9.61,403,1778,Placed
STU1624,Hritik Oommen,IT,9.69,348,1600,Placed
STU1625,Gautami Saini,ME,5.66,277,1549,Seeking
STU1626,Chatresh Walia,IT,5.68,215,1522,Seeking
STU1627,Avi Dara,IT,7.49,299,1524,Seeking
STU1628,Rudra Rege,CSE,7.89,331,1749,Placed
STU1629,Jhalak Edwin,CSE,8.47,389,1753,Placed
STU1630,Urishilla Baria,AI/DS,6.23,180,1429,Seeking
STU1631,Ekansh Saxena,IT,5.86,199,1492,Seeking
STU1632,Udant Thaman,AI/DS,6.45,238,1419,Seeking
STU1633,Damini Puri,AI/DS,6.82,341,1511,Seeking
STU1634,Frederick Shah,IT,6.84,212,1430,Seeking
STU1635,Bhavika Chokshi,AI/DS,6.49,207,1623,Seeking
STU1636,Panini Gade,ECE,5.72,131,1497,Seeking
STU1637,Aarna Majumdar,AI/DS,7.94,262,1508,Placed
STU1638,Mason Kari,CSE,9.69,193,1610,Placed
STU1639,Anita Randhawa,CSE,8.52,221,1477,Placed
STU1640,Pushti Varughese,ME,7.55,158,1596,Seeking
STU1641,Azad Chand,CSE,7.94,397,1643,Placed
STU1642,Reyansh Vig,CSE,6.08,152,1559,Seeking
STU1643,Jason Kumer,AI/DS,5.85,117,1356,Seeking
STU1644,Mohammed Patil,ME,7.04,267,1359,Seeking
STU1645,Vedika Khanna,CSE,5.83,145,1577,Seeking
STU1646,Yashica Kade,ECE,5.54,193,1310,Seeking
STU1647,Damyanti Dara,CSE,7.87,181,1645,Placed
STU1648,Anvi Bawa,IT,5.72,160,1491,Seeking
STU1649,Bahadurjit Mammen,CSE,6.07,303,1522,Seeking
STU1650,Bhavna Krishna,ME,9.37,431,1787,Placed
STU1651,Harita Ramesh,AI/DS,6.43,154,1379,Seeking
STU1652,Vansha Ahluwalia,ECE,7.27,312,1370,Seeking
STU1653,Raksha Bajwa,ECE,6.91,152,1684,Seeking
STU1654,Gopal Bhandari,AI/DS,6.97,195,1432,Seeking
STU1655,Rajata Trivedi,AI/DS,9.62,202,1654,Placed
STU1656,Praneel Goswami,IT,5.83,122,1361,Seeking
STU1657,Ryan Varma,ECE,9.35,364,1841,Placed
STU1658,Tara Agate,CSE,6.76,263,1371,Seeking
STU1659,Upadhriti Kamdar,ECE,6.41,230,1615,Seeking
STU1660,Maanas Kanda,CSE,5.63,191,1287,Seeking
STU1661,Inaya Basu,ECE,6.89,303,1427,Seeking
STU1662,Ekaraj Bains,CSE,6.8,231,1666,Seeking
STU1663,Gauri Madan,IT,6.29,283,1515,Seeking
STU1664,Nathaniel Chad,AI/DS,8.15,195,1684,Placed
STU1665,Nidhi Bala,ECE,8.58,214,1489,Placed
STU1666,Ridhi Saha,IT,7.68,353,1706,Placed
STU1667,Unnati Garde,CSE,6.93,242,1554,Seeking
STU1668,Chatura Gade,CSE,7.42,304,1563,Seeking
STU1669,Triveni Pandey,ME,6.02,270,1487,Seeking
STU1670,Devika Borra,ECE,6.29,188,1408,Seeking
STU1671,Daniel Sagar,AI/DS,9.54,343,1877,Placed
STU1672,Upkaar Dyal,CSE,8.08,339,1573,Placed
STU1673,Lavanya Anne,ME,7.36,250,1368,Seeking
STU1674,Tanveer Nath,IT,6.74,276,1660,Seeking
STU1675,Gautami Nair,IT,6.8,340,1421,Seeking
STU1676,Naksh Vaidya,ME,7.48,359,1598,Seeking
STU1677,Eesha Kapadia,ECE,5.59,234,1402,Seeking
STU1678,Zansi Ahluwalia,ME,8.94,268,1464,Placed
STU1679,Ranbir Balasubramanian,CSE,9.02,279,1667,Placed
STU1680,Anusha Hans,ECE,9.06,326,1597,Placed
STU1681,Aachal Raman,ME,9.82,294,1569,Placed
STU1682,Guneet Hora,ECE,9.0,351,1810,Placed
STU1683,Ronith Chhabra,CSE,9.01,216,1594,Placed
STU1684,Pratyush Pau,ECE,7.66,191,1444,Placed
STU1685,Meera Mall,ECE,6.8,231,1646,Seeking
STU1686,Watika Bhasin,ME,8.82,264,1555,Placed
STU1687,Krish Sama,ME,6.97,188,1648,Seeking
STU1688,Madhavi Kalita,CSE,5.72,183,1286,Seeking
STU1689,Ishani Lala,ME,8.91,347,1677,Placed
STU1690,Ria Mane,IT,6.94,215,1409,Seeking
STU1691,Zayan Walla,CSE,7.15,207,1672,Seeking
STU1692,Anvi Chander,CSE,6.93,159,1395,Seeking
STU1693,Libni Raman,ECE,8.94,357,1625,Placed
STU1694,Wishi Pandya,ECE,7.3,160,1379,Seeking
STU1695,Christopher More,ME,7.29,167,1707,Seeking
STU1696,Ayushman Dash,ME,9.7,349,1591,Placed
STU1697,Matthew Mistry,CSE,7.23,195,1657,Seeking
STU1698,Gayathri Gandhi,CSE,8.28,182,1761,Placed
STU1699,Kamya Master,CSE,7.1,276,1362,Seeking
STU1700,Chandran Anne,CSE,5.78,144,1445,Seeking
STU1701,Thomas Nadig,AI/DS,9.18,293,1688,Placed
STU1702,Luke Ganesh,ECE,6.76,229,1466,Seeking
STU1703,Anya Bhatia,CSE,7.1,184,1426,Seeking
STU1704,Harita Devi,AI/DS,9.06,344,1788,Placed
STU1705,Isaiah Prakash,ECE,7.47,313,1649,Seeking
STU1706,Aryan Lall,CSE,7.87,196,1787,Placed
STU1707,Charles Virk,CSE,6.31,201,1580,Seeking
STU1708,Zaitra Dhar,CSE,9.67,338,1551,Placed
STU1709,Zarna Arora,ECE,6.5,234,1416,Seeking
STU1710,Saksham Kamdar,ME,7.05,331,1634,Seeking
STU1711,Elijah Borde,AI/DS,6.97,306,1355,Seeking
STU1712,Charan Chaudhary,CSE,5.78,236,1341,Seeking
STU1713,Krisha Char,ECE,9.55,477,1582,Placed
STU1714,Chakradhar Bhavsar,AI/DS,8.07,242,1451,Placed
STU1715,Joshua Rao,AI/DS,9.8,480,1548,Placed
STU1716,Hitesh Aurora,AI/DS,7.04,218,1689,Seeking
STU1717,Varsha Rout,ECE,5.88,117,1299,Seeking
STU1718,Yashasvi Behl,ECE,8.26,379,1553,Placed
STU1719,Yashawini Narula,AI/DS,5.69,182,1500,Seeking
STU1720,Laban Reddy,ECE,9.36,458,1608,Placed
STU1721,Manan Bhakta,AI/DS,9.54,219,1658,Placed
STU1722,Neel Choudhry,IT,5.61,263,1465,Seeking
STU1723,Anjali Shankar,ECE,9.6,480,1652,Placed
STU1724,Ekanta Bhandari,IT,6.18,210,1580,Seeking
STU1725,Akshay Dugar,ECE,7.31,190,1606,Seeking
STU1726,Ekiya Virk,ECE,7.56,219,1378,Placed
STU1727,Thomas Kala,ECE,7.03,189,1499,Seeking
STU1728,Turvi Sangha,IT,8.22,320,1715,Placed
STU1729,Jagdish Nayar,CSE,9.79,195,1920,Placed
STU1730,Unnati Bhandari,IT,8.57,351,1805,Placed
STU1731,Omisha Kunda,IT,9.28,222,1584,Placed
STU1732,Agastya Goyal,CSE,6.86,171,1500,Seeking
STU1733,Hemani Saini,AI/DS,6.31,182,1378,Seeking
STU1734,Gagan Roy,IT,6.13,159,1472,Seeking
STU1735,Jack Arora,IT,5.66,271,1379,Seeking
STU1736,Charita Bir,IT,5.57,139,1506,Seeking
STU1737,Hitesh Chandran,CSE,8.58,403,1514,Placed
STU1738,Meera Kohli,ME,7.62,205,1396,Placed
STU1739,Daksh Kata,AI/DS,9.85,236,1512,Placed
STU1740,Ikbal Manne,ME,5.5,137,1434,Seeking
STU1741,Hiral Bajwa,IT,7.21,346,1584,Seeking
STU1742,Tanmayi Borra,IT,5.68,164,1284,Seeking
STU1743,Chakradhar Shroff,ECE,9.23,443,1489,Placed
STU1744,Dipta Sami,AI/DS,9.78,459,1948,Placed
STU1745,Veda Chada,ME,6.6,211,1567,Seeking
STU1746,Kamala Acharya,AI/DS,7.1,198,1525,Seeking
STU1747,Nirja Kunda,ECE,7.48,194,1650,Seeking
STU1748,Yashawini Hari,ME,8.48,262,1610,Placed
STU1749,Liam Ghosh,AI/DS,8.06,378,1540,Placed
STU1750,Rudra Lanka,AI/DS,8.97,251,1547,Placed
STU1751,Wyatt Saran,IT,7.95,262,1715,Placed
STU1752,Vrinda Kaur,CSE,8.82,352,1758,Placed
STU1753,Jasmit Korpal,ME,8.08,177,1549,Seeking
STU1754,Frederick Mistry,ECE,6.5,318,1422,Seeking
STU1755,Zaitra Om,CSE,8.95,196,1528,Placed
STU1756,Frado Mani,ME,6.15,166,1332,Seeking
STU1757,Falan Palla,AI/DS,9.55,343,1878,Placed
STU1758,Hemangini Bansal,ECE,9.44,226,1481,Placed
STU1759,Siddharth Buch,ME,9.37,206,1543,Placed
STU1760,Aachal Mutti,ECE,8.37,326,1770,Placed
STU1761,Aarna Sridhar,IT,7.11,234,1696,Seeking
STU1762,Anusha Saraf,ME,7.84,368,1493,Placed
STU1763,Naveen Ganguly,IT,8.62,353,1543,Placed
STU1764,Chandran Menon,AI/DS,8.74,384,1716,Placed
STU1765,Pranav Ahluwalia,IT,9.66,347,1511,Placed
STU1766,Yadavi Agate,CSE,6.19,259,1513,Seeking
STU1767,Keya Chandra,AI/DS,6.47,174,1562,Seeking
STU1768,Tejas Wali,IT,9.51,361,1865,Placed
STU1769,Noah Bhattacharyya,ME,6.22,248,1323,Seeking
STU1770,Nitesh Modi,ECE,7.01,259,1476,Seeking
STU1771,Libni Lata,ECE,7.1,227,1617,Seeking
STU1772,Kabir Naik,IT,9.42,395,1828,Placed
STU1773,Gaurav Krishna,ECE,5.82,209,1413,Seeking
STU1774,Yagnesh Bava,IT,7.12,334,1676,Seeking
STU1775,Banjeet Sarkar,AI/DS,6.18,309,1346,Seeking
STU1776,Udarsh Bakshi,ME,8.76,210,1657,Placed
STU1777,Eesha Dhillon,IT,5.92,254,1586,Seeking
STU1778,Vasatika Nayar,ECE,6.35,152,1488,Seeking
STU1779,Jagdish Golla,ME,9.42,282,1584,Placed
STU1780,Ayushman Bhattacharyya,IT,6.29,150,1383,Seeking
STU1781,Kala Chaudhary,IT,6.54,215,1627,Seeking
STU1782,Sara Naik,ECE,8.21,328,1788,Placed
STU1783,Frederick Suresh,ME,7.27,341,1705,Seeking
STU1784,Anay Deshpande,AI/DS,8.0,368,1408,Placed
STU1785,Tanvi Bhalla,ECE,9.08,435,1626,Placed
STU1786,Vrishti Sunder,CSE,8.1,348,1696,Placed
STU1787,Zarna Parekh,ECE,9.77,478,1781,Placed
STU1788,Libni Parmer,ME,9.59,326,1767,Placed
STU1789,Lakshit Bora,ME,7.51,300,1593,Placed
STU1790,Vinaya Mukhopadhyay,AI/DS,8.33,199,1549,Placed
STU1791,Xalak Tandon,CSE,7.87,385,1417,Placed
STU1792,Januja Yogi,ME,9.09,318,1563,Placed
STU1793,Om Seth,ME,8.23,238,1790,Placed
STU1794,Geetika Suresh,ECE,6.31,277,1593,Seeking
STU1795,Daksha Dave,ME,6.85,212,1589,Seeking
STU1796,Priya Dua,AI/DS,7.86,157,1644,Seeking
STU1797,Bhanumati Ghosh,ME,5.94,273,1409,Seeking
STU1798,Kabir Wable,CSE,8.22,378,1797,Placed
STU1799,Rohan Chacko,CSE,8.43,413,1682,Placed
STU1800,Zashil Deol,IT,9.87,227,1799,Placed
STU1801,Kevin Dada,IT,5.62,219,1500,Seeking
STU1802,Samesh Date,IT,7.32,263,1453,Seeking
STU1803,Maya Merchant,ME,8.13,235,1544,Placed
STU1804,Aarav Acharya,IT,6.28,282,1314,Seeking
STU1805,Amruta Bhavsar,CSE,7.12,327,1505,Seeking
STU1806,Nirja Gulati,AI/DS,9.68,222,1900,Placed
STU1807,Faras Ben,ME,6.36,260,1407,Seeking
STU1808,Umang De,ECE,6.77,135,1433,Seeking
STU1809,Yashasvi Karan,AI/DS,9.23,461,1830,Placed
STU1810,Odika Zachariah,IT,5.78,283,1491,Seeking
STU1811,Amaira Basak,CSE,6.84,136,1547,Seeking
STU1812,Mitali Raju,AI/DS,6.92,325,1477,Seeking
STU1813,Jagdish Halder,IT,9.25,277,1582,Placed
STU1814,Frado Chahal,AI/DS,8.72,200,1723,Placed
STU1815,Wishi Raj,CSE,6.67,153,1393,Seeking
STU1816,Viraj Shetty,CSE,8.52,400,1604,Placed
STU1817,Jeremiah Nigam,ECE,6.83,266,1382,Seeking
STU1818,Falan Mann,ECE,8.15,301,1456,Placed
STU1819,Yochana Palan,IT,8.35,325,1592,Placed
STU1820,Ryan Mammen,ECE,9.1,336,1837,Placed
STU1821,Ayush Gala,CSE,6.81,313,1374,Seeking
STU1822,Zayan Joshi,AI/DS,7.13,249,1456,Seeking
STU1823,Mahika Ranganathan,ME,5.84,268,1584,Seeking
STU1824,Aarini Sethi,AI/DS,6.45,135,1554,Seeking
STU1825,Rushil Mutti,ECE,8.36,392,1601,Placed
STU1826,Vansha Kapur,ECE,8.76,429,1455,Placed
STU1827,Oni Mutti,CSE,9.0,351,1558,Placed
STU1828,Zehaan Dhingra,ME,6.58,144,1467,Seeking
STU1829,Indira Mangat,ECE,8.65,397,1726,Placed
STU1830,Yashodhara Gola,IT,8.21,336,1714,Placed
STU1831,Tara Banik,IT,9.21,396,1524,Placed
STU1832,Tanmayi Gola,IT,9.17,394,1861,Placed
STU1833,Riya Sanghvi,ECE,8.75,245,1822,Placed
STU1834,Yasti Suri,IT,9.59,383,1728,Placed
STU1835,Balhaar Char,CSE,6.21,242,1329,Seeking
STU1836,Girish Sarna,CSE,5.5,115,1473,Seeking
STU1837,Rachit Wadhwa,CSE,9.04,370,1849,Placed
STU1838,Amara Biswas,IT,6.74,269,1572,Seeking
STU1839,Warinder Sarraf,IT,6.29,132,1421,Seeking
STU1840,Upasna Bera,ME,7.78,256,1490,Placed
STU1841,Indira Gupta,AI/DS,7.7,192,1693,Placed
STU1842,Vidhi Loyal,ME,9.71,203,1524,Placed
STU1843,Upasna Sarma,ECE,9.45,359,1888,Placed
STU1844,Robert Samra,IT,5.98,173,1442,Seeking
STU1845,Hema Goda,IT,9.31,344,1539,Placed
STU1846,Anthony Toor,AI/DS,6.38,319,1606,Seeking
STU1847,Arunima Behl,ECE,6.96,194,1494,Seeking
STU1848,Unni Sabharwal,AI/DS,6.13,183,1459,Seeking
STU1849,Widisha Rai,CSE,8.43,328,1657,Placed
STU1850,Gagan Mishra,IT,7.33,263,1564,Seeking
STU1851,Chatresh Bail,ECE,8.48,203,1763,Placed
STU1852,Bachittar Jani,AI/DS,9.58,469,1488,Placed
STU1853,Kabir Morar,CSE,6.01,300,1420,Seeking
STU1854,Ishanvi Morar,CSE,8.7,304,1861,Placed
STU1855,Ridhi Varma,CSE,9.44,443,1821,Placed
STU1856,Vrishti Rai,ME,9.82,422,1795,Placed
STU1857,Qarin Nair,ME,8.48,381,1576,Placed
STU1858,Irya Mand,ECE,5.64,157,1564,Seeking
STU1859,Ekiya Goyal,ME,7.19,316,1445,Seeking
STU1860,Vamakshi Kadakia,ECE,7.75,271,1480,Placed
STU1861,Janani Walla,ECE,6.61,257,1356,Seeking
STU1862,Patrick Bakshi,ECE,7.29,211,1430,Seeking
STU1863,Jack Palla,ECE,6.82,313,1675,Seeking
STU1864,Janani Pandey,IT,9.35,233,1794,Placed
STU1865,Hredhaan Raju,AI/DS,5.83,192,1448,Seeking
STU1866,Tamanna Bhandari,AI/DS,8.74,410,1760,Placed
STU1867,Nimrat Ranganathan,CSE,6.62,311,1522,Seeking
STU1868,Michael Nayar,CSE,5.68,210,1357,Seeking
STU1869,Janaki Yogi,AI/DS,7.95,238,1779,Placed
STU1870,Rachita Uppal,ECE,9.72,417,1719,Placed
STU1871,Triya Wali,IT,8.58,334,1729,Placed
STU1872,Chanakya Mander,AI/DS,8.56,325,1428,Placed
STU1873,Ekapad Trivedi,CSE,5.72,165,1549,Seeking
STU1874,Siddharth Aurora,ECE,8.4,394,1512,Placed
STU1875,Idika Sarraf,ECE,9.62,269,1702,Placed
STU1876,Devansh Baral,CSE,7.25,188,1601,Seeking
STU1877,Jasmit Solanki,IT,9.34,354,1868,Placed
STU1878,Reyansh Shah,ECE,7.27,356,1617,Seeking
STU1879,Raagini Minhas,CSE,8.32,282,1440,Placed
STU1880,Nidhi Sarraf,IT,7.81,257,1421,Placed
STU1881,Vanya Kar,ECE,7.3,292,1540,Seeking
STU1882,Tristan Tak,IT,7.25,268,1645,Seeking
STU1883,Qabil Prashad,IT,8.5,399,1629,Placed
STU1884,Yagnesh Barman,ME,9.39,197,1769,Placed
STU1885,Matthew Dasgupta,IT,5.65,124,1361,Seeking
STU1886,Kala Gade,ME,8.57,377,1582,Placed
STU1887,Faqid Narang,AI/DS,6.64,225,1617,Seeking
STU1888,Harsh Dora,IT,8.99,206,1602,Placed
STU1889,Udarsh Kara,AI/DS,6.55,327,1471,Seeking
STU1890,Simon Sengupta,ME,8.82,291,1573,Placed
STU1891,Rehaan Balay,IT,9.62,327,1894,Placed
STU1892,Niharika Sanghvi,IT,8.49,339,1475,Placed
STU1893,Charan Halder,AI/DS,6.14,147,1442,Seeking
STU1894,Yachana Lal,ECE,8.17,253,1531,Placed
STU1895,Harini Dey,AI/DS,6.81,163,1401,Seeking
STU1896,Bhavani Yadav,ECE,8.99,404,1665,Placed
STU1897,Idika Sarna,AI/DS,6.93,145,1693,Seeking
STU1898,Saumya Panchal,CSE,9.54,267,1581,Placed
STU1899,Ekansh Ganesan,ECE,7.25,232,1616,Seeking
STU1900,Vinaya Sule,CSE,8.63,422,1517,Placed
STU1901,Shaurya Mital,IT,9.73,223,1544,Placed
STU1902,Mahika Sastry,CSE,6.7,134,1381,Seeking
STU1903,Priya Saraf,AI/DS,9.81,313,1588,Placed
STU1904,Xiti Mander,CSE,8.43,227,1438,Placed
STU1905,Elijah Panchal,AI/DS,5.51,165,1506,Seeking
STU1906,Dipta Tailor,AI/DS,7.23,354,1535,Seeking
STU1907,Diya Chhabra,IT,6.96,208,1577,Seeking
STU1908,Ishwar Sathe,CSE,6.98,195,1439,Seeking
STU1909,Indali Seshadri,ECE,6.69,267,1367,Seeking
STU1910,Faraj Mangat,CSE,9.57,258,1899,Placed
STU1911,Shivani Banerjee,CSE,8.12,324,1738,Placed
STU1912,Anita Rau,CSE,6.55,176,1438,Seeking
STU1913,Karan Chand,AI/DS,9.3,241,1623,Placed
STU1914,Triya Divan,AI/DS,8.41,260,1445,Placed
STU1915,Yuvraj Pall,CSE,9.42,348,1885,Placed
STU1916,Yashodhara Venkataraman,IT,8.62,258,1801,Placed
STU1917,Fitan Chawla,ME,6.08,152,1352,Seeking
STU1918,Kritika Dani,CSE,7.0,350,1588,Seeking
STU1919,Edhitha Lanka,ECE,7.32,322,1666,Seeking
STU1920,Wakeeta Thaker,ECE,8.33,366,1791,Placed
STU1921,Anay Ghose,IT,9.18,238,1826,Placed
STU1922,Ati Panchal,AI/DS,6.41,230,1333,Seeking
STU1923,Unni Narayan,IT,8.32,407,1582,Placed
STU1924,Henry Misra,ME,6.7,234,1562,Seeking
STU1925,Arya De,AI/DS,8.96,430,1851,Placed
STU1926,Aarav Aggarwal,ME,5.78,115,1387,Seeking
STU1927,Sai Pau,CSE,8.55,273,1726,Placed
STU1928,Bishakha Chanda,ECE,6.61,224,1528,Seeking
STU1929,Eta Rajagopalan,AI/DS,9.89,336,1781,Placed
STU1930,Victor Nagar,ME,8.69,330,1686,Placed
STU1931,Zashil Tata,ME,9.48,218,1492,Placed
STU1932,Hritik Dugar,IT,8.8,404,1668,Placed
STU1933,Zinal Yohannan,IT,8.18,245,1564,Placed
STU1934,Jagvi Purohit,IT,8.74,367,1629,Placed
STU1935,Shivansh Basu,ME,6.63,205,1358,Seeking
STU1936,Ranbir Ghosh,CSE,7.95,166,1651,Seeking
STU1937,Aachal Butala,IT,8.19,384,1466,Placed
STU1938,Wahab Palla,IT,6.8,231,1367,Seeking
STU1939,Nilima Goyal,IT,6.94,145,1513,Seeking
STU1940,Priya Nori,ME,7.29,364,1721,Seeking
STU1941,Saumya Puri,AI/DS,7.64,351,1473,Placed
STU1942,Mason Shankar,IT,8.59,360,1558,Placed
STU1943,Jatin Palan,ECE,8.94,187,1670,Placed
STU1944,Jyoti Cheema,IT,6.53,254,1457,Seeking
STU1945,Jack Modi,IT,9.89,306,1761,Placed
STU1946,Praneel Rattan,AI/DS,9.88,296,1869,Placed
STU1947,Agastya Madan,CSE,6.2,241,1310,Seeking
STU1948,Jatin Prabhakar,ECE,8.96,179,1797,Seeking
STU1949,Victor Natt,IT,6.0,294,1492,Seeking
STU1950,Charita Palla,AI/DS,9.73,194,1574,Placed
STU1951,Frederick Dhillon,AI/DS,5.57,178,1334,Seeking
STU1952,Arin Gaba,IT,6.32,303,1518,Seeking
STU1953,Amol Krish,ECE,6.54,268,1503,Seeking
STU1954,Gayathri Kaul,AI/DS,7.02,329,1680,Seeking
STU1955,Varsha Hayre,CSE,6.58,164,1526,Seeking
STU1956,Ekbal Wagle,CSE,8.17,171,1580,Seeking
STU1957,Eesha Subramaniam,CSE,7.41,207,1377,Seeking
STU1958,Sai Golla,ECE,5.72,148,1354,Seeking
STU1959,Sanya Pradhan,IT,6.47,245,1601,Seeking
STU1960,Anjali Basu,IT,8.41,193,1655,Placed
STU1961,Saumya Sabharwal,CSE,6.27,181,1514,Seeking
STU1962,Warda Kunda,CSE,7.01,329,1455,Seeking
STU1963,Brinda Thaker,AI/DS,6.58,151,1572,Seeking
STU1964,Bina Bansal,IT,7.6,182,1706,Placed
STU1965,Ekaraj Chowdhury,ME,7.36,147,1434,Seeking
STU1966,Yuvraj Shenoy,ECE,6.02,216,1577,Seeking
STU1967,Hamsini Din,AI/DS,6.68,247,1547,Seeking
STU1968,Nirja Krish,IT,9.18,302,1587,Placed
STU1969,Pooja Nagi,ME,9.71,301,1941,Placed
STU1970,Libni Kumar,ME,9.61,470,1499,Placed
STU1971,Yachana Shukla,IT,7.37,368,1449,Seeking
STU1972,Zinal Arora,AI/DS,6.76,155,1628,Seeking
STU1973,Praneel Natarajan,IT,9.26,370,1879,Placed
STU1974,Owen Chaudhari,CSE,6.57,229,1499,Seeking
STU1975,Nathaniel Sehgal,AI/DS,6.12,159,1446,Seeking
STU1976,Caleb Chad,AI/DS,5.98,185,1538,Seeking
STU1977,Karan Garde,IT,8.74,192,1585,Placed
STU1978,Karan Chaudry,ME,8.31,216,1747,Placed
STU1979,Urishilla Thakkar,CSE,6.85,171,1527,Seeking
STU1980,Chanakya Bhatnagar,CSE,7.01,203,1518,Seeking
STU1981,Lucky Master,AI/DS,7.04,183,1605,Seeking
STU1982,Samarth Devan,ME,9.38,234,1534,Placed
STU1983,Hemani Manda,CSE,6.86,150,1686,Seeking
STU1984,Urvashi Mammen,CSE,7.9,371,1639,Placed
STU1985,Girik Soman,IT,8.09,315,1444,Placed
STU1986,Abdul Sharma,CSE,5.5,198,1308,Seeking
STU1987,Krish Vig,ECE,6.58,177,1342,Seeking
STU1988,Chameli Trivedi,CSE,8.91,418,1552,Placed
STU1989,Isha Arora,ME,9.82,491,1756,Placed
STU1990,Vedhika Purohit,CSE,5.78,289,1439,Seeking
STU1991,Yatan Tank,ME,5.89,282,1341,Seeking
STU1992,Advika Sama,ME,8.11,332,1600,Placed
STU1993,Mohammed Karnik,IT,6.77,236,1406,Seeking
STU1994,Prisha Pillai,IT,6.2,198,1558,Seeking
STU1995,Isaac Nair,AI/DS,9.67,193,1551,Placed
STU1996,Luke Warrior,IT,9.15,183,1786,Placed
STU1997,Aarini Dugar,AI/DS,8.65,190,1787,Placed
STU1998,Ati Mann,CSE,9.01,216,1666,Placed
STU1999,Omya Dey,IT,9.8,480,1931,Placed
STU2000,Matthew Murthy,IT,8.25,412,1437,Placed
